subject,method,band,window,car,accuracy,kappa,fold_accuracy_std
A01,CSP+SVM,8-30Hz,0.5-2.5s,False,0.8125,0.75,0.0490748039231474
A01,FBCSP+LDA,8-30Hz,0.5-2.5s,False,0.7673611111111112,0.6898148148148149,0.050708697496344
A01,CSP+SVM,8-30Hz,0.5-2.5s,True,0.8090277777777778,0.7453703703703703,0.0481316082890339
A01,FBCSP+LDA,8-30Hz,0.5-2.5s,True,0.7743055555555556,0.6990740740740741,0.0502499872524676
A01,CSP+SVM,8-30Hz,0.5-3.5s,False,0.7743055555555556,0.6990740740740741,0.0286053658924038
A01,FBCSP+LDA,8-30Hz,0.5-3.5s,False,0.7777777777777778,0.7037037037037037,0.0283809743795904
A01,CSP+SVM,8-30Hz,0.5-3.5s,True,0.78125,0.7083333333333333,0.0247210650434114
A01,FBCSP+LDA,8-30Hz,0.5-3.5s,True,0.7777777777777778,0.7037037037037037,0.0283809743795904
A01,CSP+SVM,8-30Hz,0.5-4.0s,False,0.7847222222222222,0.712962962962963,0.0448195438354364
A01,FBCSP+LDA,8-30Hz,0.5-4.0s,False,0.7569444444444444,0.6759259259259259,0.0457141369050098
A01,CSP+SVM,8-30Hz,0.5-4.0s,True,0.78125,0.7083333333333333,0.0489269217732769
A01,FBCSP+LDA,8-30Hz,0.5-4.0s,True,0.7569444444444444,0.6759259259259259,0.0457141369050098
A01,CSP+SVM,8-30Hz,1.0-4.0s,False,0.7291666666666666,0.6388888888888888,0.0342610761983057
A01,FBCSP+LDA,8-30Hz,1.0-4.0s,False,0.75,0.6666666666666667,0.0535696010494305
A01,CSP+SVM,8-30Hz,1.0-4.0s,True,0.7326388888888888,0.6435185185185186,0.0344553653093154
A01,FBCSP+LDA,8-30Hz,1.0-4.0s,True,0.75,0.6666666666666667,0.0524480323023264
A01,CSP+SVM,7-35Hz,0.5-2.5s,False,0.7916666666666666,0.7222222222222222,0.0341910373935321
A01,FBCSP+LDA,7-35Hz,0.5-2.5s,False,0.7743055555555556,0.6990740740740741,0.0387696261104144
A01,CSP+SVM,7-35Hz,0.5-2.5s,True,0.7881944444444444,0.7175925925925926,0.0291594811873082
A01,FBCSP+LDA,7-35Hz,0.5-2.5s,True,0.7708333333333334,0.6944444444444444,0.0435585971399867
A01,CSP+SVM,7-35Hz,0.5-3.5s,False,0.7395833333333334,0.6527777777777778,0.0299375474335539
A01,FBCSP+LDA,7-35Hz,0.5-3.5s,False,0.8055555555555556,0.7407407407407407,0.0424730651874058
A01,CSP+SVM,7-35Hz,0.5-3.5s,True,0.7395833333333334,0.6527777777777778,0.035098148104925
A01,FBCSP+LDA,7-35Hz,0.5-3.5s,True,0.7986111111111112,0.7314814814814814,0.0399029238044045
A01,CSP+SVM,7-35Hz,0.5-4.0s,False,0.75,0.6666666666666667,0.0421070015147614
A01,FBCSP+LDA,7-35Hz,0.5-4.0s,False,0.8125,0.75,0.0602210931631905
A01,CSP+SVM,7-35Hz,0.5-4.0s,True,0.7430555555555556,0.6574074074074074,0.0469110242209347
A01,FBCSP+LDA,7-35Hz,0.5-4.0s,True,0.8159722222222222,0.7546296296296297,0.0603126681618278
A01,CSP+SVM,7-35Hz,1.0-4.0s,False,0.6979166666666666,0.5972222222222222,0.0468384138653231
A01,FBCSP+LDA,7-35Hz,1.0-4.0s,False,0.7638888888888888,0.6851851851851851,0.0492426843480329
A01,CSP+SVM,7-35Hz,1.0-4.0s,True,0.6979166666666666,0.5972222222222222,0.0499737067583631
A01,FBCSP+LDA,7-35Hz,1.0-4.0s,True,0.7569444444444444,0.6759259259259259,0.0622702337915562
A01,CSP+SVM,4-40Hz,0.5-2.5s,False,0.7361111111111112,0.6481481481481481,0.037833701007055
A01,FBCSP+LDA,4-40Hz,0.5-2.5s,False,0.7986111111111112,0.7314814814814814,0.0083965403861572
A01,CSP+SVM,4-40Hz,0.5-2.5s,True,0.7256944444444444,0.6342592592592593,0.0366730934987144
A01,FBCSP+LDA,4-40Hz,0.5-2.5s,True,0.8090277777777778,0.7453703703703703,0.0100237438748267
A01,CSP+SVM,4-40Hz,0.5-3.5s,False,0.7291666666666666,0.6388888888888888,0.0215544356770581
A01,FBCSP+LDA,4-40Hz,0.5-3.5s,False,0.8194444444444444,0.7592592592592593,0.0366561245023628
A01,CSP+SVM,4-40Hz,0.5-3.5s,True,0.7222222222222222,0.6296296296296297,0.0157366540902778
A01,FBCSP+LDA,4-40Hz,0.5-3.5s,True,0.8125,0.75,0.0456619093708867
A01,CSP+SVM,4-40Hz,0.5-4.0s,False,0.7118055555555556,0.6157407407407407,0.0612013934343182
A01,FBCSP+LDA,4-40Hz,0.5-4.0s,False,0.8229166666666666,0.7638888888888888,0.0424818533064797
A01,CSP+SVM,4-40Hz,0.5-4.0s,True,0.7222222222222222,0.6296296296296297,0.0672817455298799
A01,FBCSP+LDA,4-40Hz,0.5-4.0s,True,0.8229166666666666,0.7638888888888888,0.0468887846094907
A01,CSP+SVM,4-40Hz,1.0-4.0s,False,0.6458333333333334,0.5277777777777778,0.0481642930220401
A01,FBCSP+LDA,4-40Hz,1.0-4.0s,False,0.8020833333333334,0.7361111111111112,0.0349921513877192
A01,CSP+SVM,4-40Hz,1.0-4.0s,True,0.6527777777777778,0.537037037037037,0.0497700675133537
A01,FBCSP+LDA,4-40Hz,1.0-4.0s,True,0.7951388888888888,0.7268518518518519,0.0290834491818658
A02,CSP+SVM,8-30Hz,0.5-2.5s,False,0.5173611111111112,0.3564814814814815,0.0341573034692606
A02,FBCSP+LDA,8-30Hz,0.5-2.5s,False,0.5069444444444444,0.3425925925925925,0.0386945069453178
A02,CSP+SVM,8-30Hz,0.5-2.5s,True,0.5208333333333334,0.3611111111111111,0.0416424804336926
A02,FBCSP+LDA,8-30Hz,0.5-2.5s,True,0.5069444444444444,0.3425925925925925,0.0201103706897732
A02,CSP+SVM,8-30Hz,0.5-3.5s,False,0.6111111111111112,0.4814814814814815,0.0240196054541788
A02,FBCSP+LDA,8-30Hz,0.5-3.5s,False,0.6145833333333334,0.4861111111111111,0.0438404948057337
A02,CSP+SVM,8-30Hz,0.5-3.5s,True,0.5972222222222222,0.4629629629629629,0.0424148626217848
A02,FBCSP+LDA,8-30Hz,0.5-3.5s,True,0.6111111111111112,0.4814814814814815,0.0499070926587596
A02,CSP+SVM,8-30Hz,0.5-4.0s,False,0.6180555555555556,0.4907407407407407,0.0883411630559939
A02,FBCSP+LDA,8-30Hz,0.5-4.0s,False,0.6388888888888888,0.5185185185185186,0.0533624014030877
A02,CSP+SVM,8-30Hz,0.5-4.0s,True,0.6319444444444444,0.5092592592592593,0.0745636061221129
A02,FBCSP+LDA,8-30Hz,0.5-4.0s,True,0.6493055555555556,0.5324074074074074,0.0493418033613597
A02,CSP+SVM,8-30Hz,1.0-4.0s,False,0.6631944444444444,0.5509259259259259,0.0418756035835708
A02,FBCSP+LDA,8-30Hz,1.0-4.0s,False,0.6493055555555556,0.5324074074074074,0.0635031807821152
A02,CSP+SVM,8-30Hz,1.0-4.0s,True,0.6770833333333334,0.5694444444444444,0.0605361633612278
A02,FBCSP+LDA,8-30Hz,1.0-4.0s,True,0.6666666666666666,0.5555555555555556,0.0580641245712235
A02,CSP+SVM,7-35Hz,0.5-2.5s,False,0.5173611111111112,0.3564814814814815,0.0507772871698611
A02,FBCSP+LDA,7-35Hz,0.5-2.5s,False,0.5034722222222222,0.3379629629629629,0.0437888742020527
A02,CSP+SVM,7-35Hz,0.5-2.5s,True,0.5347222222222222,0.3796296296296296,0.0771591712140882
A02,FBCSP+LDA,7-35Hz,0.5-2.5s,True,0.5034722222222222,0.3379629629629629,0.0325556540764034
A02,CSP+SVM,7-35Hz,0.5-3.5s,False,0.5520833333333334,0.4027777777777778,0.034807799307124
A02,FBCSP+LDA,7-35Hz,0.5-3.5s,False,0.6319444444444444,0.5092592592592593,0.0236917616732959
A02,CSP+SVM,7-35Hz,0.5-3.5s,True,0.5868055555555556,0.449074074074074,0.0473009620094153
A02,FBCSP+LDA,7-35Hz,0.5-3.5s,True,0.6284722222222222,0.5046296296296297,0.0412269050659611
A02,CSP+SVM,7-35Hz,0.5-4.0s,False,0.6215277777777778,0.4953703703703703,0.0621926646163262
A02,FBCSP+LDA,7-35Hz,0.5-4.0s,False,0.65625,0.5416666666666667,0.0367279394793763
A02,CSP+SVM,7-35Hz,0.5-4.0s,True,0.6493055555555556,0.5324074074074074,0.063403515594664
A02,FBCSP+LDA,7-35Hz,0.5-4.0s,True,0.6458333333333334,0.5277777777777778,0.0499354639799368
A02,CSP+SVM,7-35Hz,1.0-4.0s,False,0.6423611111111112,0.5231481481481481,0.0537474793724766
A02,FBCSP+LDA,7-35Hz,1.0-4.0s,False,0.6875,0.5833333333333333,0.0284961524170867
A02,CSP+SVM,7-35Hz,1.0-4.0s,True,0.6458333333333334,0.5277777777777778,0.0563576639718426
A02,FBCSP+LDA,7-35Hz,1.0-4.0s,True,0.6875,0.5833333333333333,0.0532212759287596
A02,CSP+SVM,4-40Hz,0.5-2.5s,False,0.5451388888888888,0.3935185185185185,0.052857571564747
A02,FBCSP+LDA,4-40Hz,0.5-2.5s,False,0.5034722222222222,0.3379629629629629,0.017780698952546
A02,CSP+SVM,4-40Hz,0.5-2.5s,True,0.5451388888888888,0.3935185185185185,0.0379765962609124
A02,FBCSP+LDA,4-40Hz,0.5-2.5s,True,0.4930555555555556,0.324074074074074,0.0200688353483344
A02,CSP+SVM,4-40Hz,0.5-3.5s,False,0.5451388888888888,0.3935185185185185,0.0581962738873587
A02,FBCSP+LDA,4-40Hz,0.5-3.5s,False,0.5798611111111112,0.4398148148148147,0.0263705960774121
A02,CSP+SVM,4-40Hz,0.5-3.5s,True,0.5416666666666666,0.3888888888888888,0.0665961421124615
A02,FBCSP+LDA,4-40Hz,0.5-3.5s,True,0.5798611111111112,0.4398148148148147,0.0275287022300385
A02,CSP+SVM,4-40Hz,0.5-4.0s,False,0.5868055555555556,0.449074074074074,0.0630367864859307
A02,FBCSP+LDA,4-40Hz,0.5-4.0s,False,0.6041666666666666,0.4722222222222222,0.0509545705472687
A02,CSP+SVM,4-40Hz,0.5-4.0s,True,0.5347222222222222,0.3796296296296296,0.0457181396208482
A02,FBCSP+LDA,4-40Hz,0.5-4.0s,True,0.5694444444444444,0.4259259259259259,0.0303100392908993
A02,CSP+SVM,4-40Hz,1.0-4.0s,False,0.5902777777777778,0.4537037037037037,0.0600849308261921
A02,FBCSP+LDA,4-40Hz,1.0-4.0s,False,0.6076388888888888,0.4768518518518518,0.0390672532885952
A02,CSP+SVM,4-40Hz,1.0-4.0s,True,0.5902777777777778,0.4537037037037037,0.059290467390716
A02,FBCSP+LDA,4-40Hz,1.0-4.0s,True,0.6145833333333334,0.4861111111111111,0.0063113376192353
A03,CSP+SVM,8-30Hz,0.5-2.5s,False,0.84375,0.7916666666666666,0.0285868085542313
A03,FBCSP+LDA,8-30Hz,0.5-2.5s,False,0.7708333333333334,0.6944444444444444,0.0292625926990252
A03,CSP+SVM,8-30Hz,0.5-2.5s,True,0.8472222222222222,0.7962962962962963,0.0336893036320351
A03,FBCSP+LDA,8-30Hz,0.5-2.5s,True,0.7638888888888888,0.6851851851851851,0.0272087075599421
A03,CSP+SVM,8-30Hz,0.5-3.5s,False,0.8680555555555556,0.8240740740740741,0.0500801488629306
A03,FBCSP+LDA,8-30Hz,0.5-3.5s,False,0.7465277777777778,0.662037037037037,0.0508654304966166
A03,CSP+SVM,8-30Hz,0.5-3.5s,True,0.8541666666666666,0.8055555555555556,0.070472699982542
A03,FBCSP+LDA,8-30Hz,0.5-3.5s,True,0.7430555555555556,0.6574074074074074,0.0621104616185844
A03,CSP+SVM,8-30Hz,0.5-4.0s,False,0.8541666666666666,0.8055555555555556,0.0326149556785274
A03,FBCSP+LDA,8-30Hz,0.5-4.0s,False,0.7395833333333334,0.6527777777777778,0.0431297507335594
A03,CSP+SVM,8-30Hz,0.5-4.0s,True,0.8541666666666666,0.8055555555555556,0.0326149556785274
A03,FBCSP+LDA,8-30Hz,0.5-4.0s,True,0.7395833333333334,0.6527777777777778,0.0431297507335594
A03,CSP+SVM,8-30Hz,1.0-4.0s,False,0.8194444444444444,0.7592592592592593,0.0523988149746183
A03,FBCSP+LDA,8-30Hz,1.0-4.0s,False,0.7152777777777778,0.6203703703703703,0.0380137765718886
A03,CSP+SVM,8-30Hz,1.0-4.0s,True,0.8229166666666666,0.7638888888888888,0.0544832839115727
A03,FBCSP+LDA,8-30Hz,1.0-4.0s,True,0.7152777777777778,0.6203703703703703,0.0410226685830654
A03,CSP+SVM,7-35Hz,0.5-2.5s,False,0.8333333333333334,0.7777777777777778,0.0379896038752985
A03,FBCSP+LDA,7-35Hz,0.5-2.5s,False,0.7465277777777778,0.662037037037037,0.022813034263595
A03,CSP+SVM,7-35Hz,0.5-2.5s,True,0.8298611111111112,0.7731481481481481,0.0326075488762353
A03,FBCSP+LDA,7-35Hz,0.5-2.5s,True,0.7743055555555556,0.6990740740740741,0.0156758374518686
A03,CSP+SVM,7-35Hz,0.5-3.5s,False,0.8680555555555556,0.8240740740740741,0.0508658621955502
A03,FBCSP+LDA,7-35Hz,0.5-3.5s,False,0.7430555555555556,0.6574074074074074,0.0362948173937312
A03,CSP+SVM,7-35Hz,0.5-3.5s,True,0.8541666666666666,0.8055555555555556,0.0590465794433414
A03,FBCSP+LDA,7-35Hz,0.5-3.5s,True,0.75,0.6666666666666667,0.0279741824019785
A03,CSP+SVM,7-35Hz,0.5-4.0s,False,0.8611111111111112,0.8148148148148149,0.0369341251607287
A03,FBCSP+LDA,7-35Hz,0.5-4.0s,False,0.7534722222222222,0.6712962962962963,0.0520823011295352
A03,CSP+SVM,7-35Hz,0.5-4.0s,True,0.8541666666666666,0.8055555555555556,0.0412663007891391
A03,FBCSP+LDA,7-35Hz,0.5-4.0s,True,0.7569444444444444,0.6759259259259259,0.047553757450548
A03,CSP+SVM,7-35Hz,1.0-4.0s,False,0.8194444444444444,0.7592592592592593,0.0560493374319232
A03,FBCSP+LDA,7-35Hz,1.0-4.0s,False,0.7326388888888888,0.6435185185185186,0.03666001808403
A03,CSP+SVM,7-35Hz,1.0-4.0s,True,0.8263888888888888,0.7685185185185185,0.0483228411677852
A03,FBCSP+LDA,7-35Hz,1.0-4.0s,True,0.7395833333333334,0.6527777777777778,0.0477496041465936
A03,CSP+SVM,4-40Hz,0.5-2.5s,False,0.8055555555555556,0.7407407407407407,0.056332332318805
A03,FBCSP+LDA,4-40Hz,0.5-2.5s,False,0.7083333333333334,0.6111111111111112,0.0400621020773501
A03,CSP+SVM,4-40Hz,0.5-2.5s,True,0.8020833333333334,0.7361111111111112,0.0558200728131615
A03,FBCSP+LDA,4-40Hz,0.5-2.5s,True,0.7118055555555556,0.6157407407407407,0.0267848005247152
A03,CSP+SVM,4-40Hz,0.5-3.5s,False,0.8402777777777778,0.787037037037037,0.0602150156267262
A03,FBCSP+LDA,4-40Hz,0.5-3.5s,False,0.7256944444444444,0.6342592592592593,0.0590862340562724
A03,CSP+SVM,4-40Hz,0.5-3.5s,True,0.8402777777777778,0.787037037037037,0.0602150156267262
A03,FBCSP+LDA,4-40Hz,0.5-3.5s,True,0.7430555555555556,0.6574074074074074,0.0364219488675246
A03,CSP+SVM,4-40Hz,0.5-4.0s,False,0.8333333333333334,0.7777777777777778,0.0529364445059357
A03,FBCSP+LDA,4-40Hz,0.5-4.0s,False,0.7326388888888888,0.6435185185185186,0.0882410583607915
A03,CSP+SVM,4-40Hz,0.5-4.0s,True,0.8263888888888888,0.7685185185185185,0.0580469148663542
A03,FBCSP+LDA,4-40Hz,0.5-4.0s,True,0.7222222222222222,0.6296296296296297,0.1137180294682149
A03,CSP+SVM,4-40Hz,1.0-4.0s,False,0.8125,0.75,0.0516739124229931
A03,FBCSP+LDA,4-40Hz,1.0-4.0s,False,0.75,0.6666666666666667,0.1074922690766801
A03,CSP+SVM,4-40Hz,1.0-4.0s,True,0.8090277777777778,0.7453703703703703,0.054815379834882
A03,FBCSP+LDA,4-40Hz,1.0-4.0s,True,0.7638888888888888,0.6851851851851851,0.1163565395435086
A04,CSP+SVM,8-30Hz,0.5-2.5s,False,0.4826388888888889,0.3101851851851852,0.050376772343837
A04,FBCSP+LDA,8-30Hz,0.5-2.5s,False,0.5034722222222222,0.3379629629629629,0.0745681215828115
A04,CSP+SVM,8-30Hz,0.5-2.5s,True,0.4583333333333333,0.2777777777777778,0.0402453927144994
A04,FBCSP+LDA,8-30Hz,0.5-2.5s,True,0.4930555555555556,0.324074074074074,0.0922829789546948
A04,CSP+SVM,8-30Hz,0.5-3.5s,False,0.4548611111111111,0.2731481481481481,0.0442053671273194
A04,FBCSP+LDA,8-30Hz,0.5-3.5s,False,0.4409722222222222,0.2546296296296296,0.0621908992186638
A04,CSP+SVM,8-30Hz,0.5-3.5s,True,0.4548611111111111,0.2731481481481481,0.0609356683771782
A04,FBCSP+LDA,8-30Hz,0.5-3.5s,True,0.4548611111111111,0.2731481481481481,0.0431918199175273
A04,CSP+SVM,8-30Hz,0.5-4.0s,False,0.3506944444444444,0.1342592592592593,0.0750496573713937
A04,FBCSP+LDA,8-30Hz,0.5-4.0s,False,0.375,0.1666666666666666,0.0285664456157264
A04,CSP+SVM,8-30Hz,0.5-4.0s,True,0.3819444444444444,0.1759259259259259,0.07795091459352
A04,FBCSP+LDA,8-30Hz,0.5-4.0s,True,0.28125,0.0416666666666666,0.0638291141175523
A04,CSP+SVM,8-30Hz,1.0-4.0s,False,0.3680555555555556,0.1574074074074074,0.0664925818010826
A04,FBCSP+LDA,8-30Hz,1.0-4.0s,False,0.3055555555555556,0.074074074074074,0.0533624014030877
A04,CSP+SVM,8-30Hz,1.0-4.0s,True,0.3576388888888889,0.1435185185185185,0.0583868858854384
A04,FBCSP+LDA,8-30Hz,1.0-4.0s,True,0.3055555555555556,0.074074074074074,0.0556595385622332
A04,CSP+SVM,7-35Hz,0.5-2.5s,False,0.4826388888888889,0.3101851851851852,0.0521764468451928
A04,FBCSP+LDA,7-35Hz,0.5-2.5s,False,0.4826388888888889,0.3101851851851852,0.0725949284121287
A04,CSP+SVM,7-35Hz,0.5-2.5s,True,0.4548611111111111,0.2731481481481481,0.0547763749271579
A04,FBCSP+LDA,7-35Hz,0.5-2.5s,True,0.4895833333333333,0.3194444444444444,0.070613865027354
A04,CSP+SVM,7-35Hz,0.5-3.5s,False,0.4652777777777778,0.2870370370370371,0.0211430078543655
A04,FBCSP+LDA,7-35Hz,0.5-3.5s,False,0.4513888888888889,0.2685185185185185,0.0648992273485773
A04,CSP+SVM,7-35Hz,0.5-3.5s,True,0.4652777777777778,0.2870370370370371,0.0251756695533259
A04,FBCSP+LDA,7-35Hz,0.5-3.5s,True,0.4409722222222222,0.2546296296296296,0.0661460253563826
A04,CSP+SVM,7-35Hz,0.5-4.0s,False,0.3715277777777778,0.1620370370370371,0.0790514874350941
A04,FBCSP+LDA,7-35Hz,0.5-4.0s,False,0.3472222222222222,0.1296296296296296,0.0722254138970944
A04,CSP+SVM,7-35Hz,0.5-4.0s,True,0.4027777777777778,0.2037037037037037,0.0808101572873847
A04,FBCSP+LDA,7-35Hz,0.5-4.0s,True,0.3090277777777778,0.0787037037037037,0.0564854476725275
A04,CSP+SVM,7-35Hz,1.0-4.0s,False,0.3541666666666667,0.1388888888888888,0.0533879083268805
A04,FBCSP+LDA,7-35Hz,1.0-4.0s,False,0.3298611111111111,0.1064814814814815,0.0857431407911631
A04,CSP+SVM,7-35Hz,1.0-4.0s,True,0.375,0.1666666666666666,0.0754399791072115
A04,FBCSP+LDA,7-35Hz,1.0-4.0s,True,0.34375,0.125,0.0673979954867691
A04,CSP+SVM,4-40Hz,0.5-2.5s,False,0.4479166666666667,0.2638888888888888,0.0390872017843484
A04,FBCSP+LDA,4-40Hz,0.5-2.5s,False,0.4236111111111111,0.2314814814814815,0.0426209287810693
A04,CSP+SVM,4-40Hz,0.5-2.5s,True,0.4479166666666667,0.2638888888888888,0.0520985307531258
A04,FBCSP+LDA,4-40Hz,0.5-2.5s,True,0.4375,0.25,0.0525677064083679
A04,CSP+SVM,4-40Hz,0.5-3.5s,False,0.4861111111111111,0.3148148148148147,0.0459147220297818
A04,FBCSP+LDA,4-40Hz,0.5-3.5s,False,0.3923611111111111,0.1898148148148147,0.0517755870675542
A04,CSP+SVM,4-40Hz,0.5-3.5s,True,0.4965277777777778,0.3287037037037037,0.0422696549532428
A04,FBCSP+LDA,4-40Hz,0.5-3.5s,True,0.4166666666666667,0.2222222222222222,0.0370458279913316
A04,CSP+SVM,4-40Hz,0.5-4.0s,False,0.3680555555555556,0.1574074074074074,0.0723358441419438
A04,FBCSP+LDA,4-40Hz,0.5-4.0s,False,0.3263888888888889,0.1018518518518518,0.0796656727308695
A04,CSP+SVM,4-40Hz,0.5-4.0s,True,0.3611111111111111,0.1481481481481481,0.0872840234190375
A04,FBCSP+LDA,4-40Hz,0.5-4.0s,True,0.3298611111111111,0.1064814814814815,0.0725255260754823
A04,CSP+SVM,4-40Hz,1.0-4.0s,False,0.3368055555555556,0.1157407407407407,0.0526830102436224
A04,FBCSP+LDA,4-40Hz,1.0-4.0s,False,0.3472222222222222,0.1296296296296296,0.0237329705391986
A04,CSP+SVM,4-40Hz,1.0-4.0s,True,0.3472222222222222,0.1296296296296296,0.0555537073388344
A04,FBCSP+LDA,4-40Hz,1.0-4.0s,True,0.3055555555555556,0.074074074074074,0.0648120436965337
A05,CSP+SVM,8-30Hz,0.5-2.5s,False,0.4930555555555556,0.324074074074074,0.0715894730739199
A05,FBCSP+LDA,8-30Hz,0.5-2.5s,False,0.5277777777777778,0.3703703703703703,0.0850675390041398
A05,CSP+SVM,8-30Hz,0.5-2.5s,True,0.4652777777777778,0.2870370370370371,0.0641162430480026
A05,FBCSP+LDA,8-30Hz,0.5-2.5s,True,0.4826388888888889,0.3101851851851852,0.0991542177207088
A05,CSP+SVM,8-30Hz,0.5-3.5s,False,0.4548611111111111,0.2731481481481481,0.0478685624853427
A05,FBCSP+LDA,8-30Hz,0.5-3.5s,False,0.4965277777777778,0.3287037037037037,0.0250964639563734
A05,CSP+SVM,8-30Hz,0.5-3.5s,True,0.46875,0.2916666666666666,0.0306217685639799
A05,FBCSP+LDA,8-30Hz,0.5-3.5s,True,0.4861111111111111,0.3148148148148147,0.0350567274523653
A05,CSP+SVM,8-30Hz,0.5-4.0s,False,0.4444444444444444,0.2592592592592593,0.0411362584822859
A05,FBCSP+LDA,8-30Hz,0.5-4.0s,False,0.4791666666666667,0.3055555555555556,0.0409122521479725
A05,CSP+SVM,8-30Hz,0.5-4.0s,True,0.4652777777777778,0.2870370370370371,0.0362358821248009
A05,FBCSP+LDA,8-30Hz,0.5-4.0s,True,0.4652777777777778,0.2870370370370371,0.034065571569921
A05,CSP+SVM,8-30Hz,1.0-4.0s,False,0.4479166666666667,0.2638888888888888,0.0367064097391767
A05,FBCSP+LDA,8-30Hz,1.0-4.0s,False,0.46875,0.2916666666666666,0.0561668116709149
A05,CSP+SVM,8-30Hz,1.0-4.0s,True,0.4479166666666667,0.2638888888888888,0.0360921791333666
A05,FBCSP+LDA,8-30Hz,1.0-4.0s,True,0.4756944444444444,0.3009259259259259,0.0594007312749467
A05,CSP+SVM,7-35Hz,0.5-2.5s,False,0.5104166666666666,0.3472222222222222,0.0674307310010539
A05,FBCSP+LDA,7-35Hz,0.5-2.5s,False,0.5590277777777778,0.4120370370370371,0.0313884242520132
A05,CSP+SVM,7-35Hz,0.5-2.5s,True,0.46875,0.2916666666666666,0.0506556951707281
A05,FBCSP+LDA,7-35Hz,0.5-2.5s,True,0.5763888888888888,0.4351851851851852,0.078040724635648
A05,CSP+SVM,7-35Hz,0.5-3.5s,False,0.4513888888888889,0.2685185185185185,0.0339292884994048
A05,FBCSP+LDA,7-35Hz,0.5-3.5s,False,0.5659722222222222,0.4212962962962963,0.0236147080453522
A05,CSP+SVM,7-35Hz,0.5-3.5s,True,0.4305555555555556,0.2407407407407407,0.0305869697975047
A05,FBCSP+LDA,7-35Hz,0.5-3.5s,True,0.5590277777777778,0.4120370370370371,0.0471331537738565
A05,CSP+SVM,7-35Hz,0.5-4.0s,False,0.4444444444444444,0.2592592592592593,0.0177157443390426
A05,FBCSP+LDA,7-35Hz,0.5-4.0s,False,0.5798611111111112,0.4398148148148147,0.0404751698015002
A05,CSP+SVM,7-35Hz,0.5-4.0s,True,0.4444444444444444,0.2592592592592593,0.0145240967253939
A05,FBCSP+LDA,7-35Hz,0.5-4.0s,True,0.5451388888888888,0.3935185185185185,0.049735200354769
A05,CSP+SVM,7-35Hz,1.0-4.0s,False,0.4513888888888889,0.2685185185185185,0.0325328256382934
A05,FBCSP+LDA,7-35Hz,1.0-4.0s,False,0.5694444444444444,0.4259259259259259,0.0683868913721201
A05,CSP+SVM,7-35Hz,1.0-4.0s,True,0.4513888888888889,0.2685185185185185,0.0333963499754519
A05,FBCSP+LDA,7-35Hz,1.0-4.0s,True,0.53125,0.375,0.0670670331921254
A05,CSP+SVM,4-40Hz,0.5-2.5s,False,0.4618055555555556,0.2824074074074074,0.0445833445627676
A05,FBCSP+LDA,4-40Hz,0.5-2.5s,False,0.7361111111111112,0.6481481481481481,0.046858334352262
A05,CSP+SVM,4-40Hz,0.5-2.5s,True,0.4444444444444444,0.2592592592592593,0.0433273496116415
A05,FBCSP+LDA,4-40Hz,0.5-2.5s,True,0.7291666666666666,0.6388888888888888,0.050870898412419
A05,CSP+SVM,4-40Hz,0.5-3.5s,False,0.4409722222222222,0.2546296296296296,0.0358888046295703
A05,FBCSP+LDA,4-40Hz,0.5-3.5s,False,0.7395833333333334,0.6527777777777778,0.0379606920125774
A05,CSP+SVM,4-40Hz,0.5-3.5s,True,0.4375,0.25,0.0375658661257662
A05,FBCSP+LDA,4-40Hz,0.5-3.5s,True,0.7395833333333334,0.6527777777777778,0.0290943949417648
A05,CSP+SVM,4-40Hz,0.5-4.0s,False,0.46875,0.2916666666666666,0.0679983874843622
A05,FBCSP+LDA,4-40Hz,0.5-4.0s,False,0.7465277777777778,0.662037037037037,0.0168113772158444
A05,CSP+SVM,4-40Hz,0.5-4.0s,True,0.4618055555555556,0.2824074074074074,0.0444686838386938
A05,FBCSP+LDA,4-40Hz,0.5-4.0s,True,0.75,0.6666666666666667,0.0132438037955443
A05,CSP+SVM,4-40Hz,1.0-4.0s,False,0.4409722222222222,0.2546296296296296,0.0488801488995379
A05,FBCSP+LDA,4-40Hz,1.0-4.0s,False,0.7152777777777778,0.6203703703703703,0.0528399128204548
A05,CSP+SVM,4-40Hz,1.0-4.0s,True,0.4131944444444444,0.2175925925925925,0.0530477044691584
A05,FBCSP+LDA,4-40Hz,1.0-4.0s,True,0.7083333333333334,0.6111111111111112,0.0755294314459321
A06,CSP+SVM,8-30Hz,0.5-2.5s,False,0.4618055555555556,0.2824074074074074,0.0573046267590464
A06,FBCSP+LDA,8-30Hz,0.5-2.5s,False,0.3645833333333333,0.1527777777777778,0.06523411915387
A06,CSP+SVM,8-30Hz,0.5-2.5s,True,0.4305555555555556,0.2407407407407407,0.0685712720723336
A06,FBCSP+LDA,8-30Hz,0.5-2.5s,True,0.3333333333333333,0.1111111111111111,0.1054606973326133
A06,CSP+SVM,8-30Hz,0.5-3.5s,False,0.4201388888888889,0.2268518518518518,0.0821037957630029
A06,FBCSP+LDA,8-30Hz,0.5-3.5s,False,0.34375,0.125,0.0812405205438255
A06,CSP+SVM,8-30Hz,0.5-3.5s,True,0.4097222222222222,0.2129629629629629,0.0913531487088946
A06,FBCSP+LDA,8-30Hz,0.5-3.5s,True,0.3333333333333333,0.1111111111111111,0.0842213036612017
A06,CSP+SVM,8-30Hz,0.5-4.0s,False,0.4618055555555556,0.2824074074074074,0.0452668269675656
A06,FBCSP+LDA,8-30Hz,0.5-4.0s,False,0.3888888888888889,0.1851851851851852,0.1119793489703511
A06,CSP+SVM,8-30Hz,0.5-4.0s,True,0.4618055555555556,0.2824074074074074,0.0480769067346208
A06,FBCSP+LDA,8-30Hz,0.5-4.0s,True,0.34375,0.125,0.0983506065243003
A06,CSP+SVM,8-30Hz,1.0-4.0s,False,0.3784722222222222,0.1712962962962962,0.0532429325755064
A06,FBCSP+LDA,8-30Hz,1.0-4.0s,False,0.3506944444444444,0.1342592592592593,0.0723530441252683
A06,CSP+SVM,8-30Hz,1.0-4.0s,True,0.375,0.1666666666666666,0.0695947773129758
A06,FBCSP+LDA,8-30Hz,1.0-4.0s,True,0.3680555555555556,0.1574074074074074,0.1037177867785551
A06,CSP+SVM,7-35Hz,0.5-2.5s,False,0.3958333333333333,0.1944444444444444,0.0606526708679383
A06,FBCSP+LDA,7-35Hz,0.5-2.5s,False,0.4305555555555556,0.2407407407407407,0.0605790115001273
A06,CSP+SVM,7-35Hz,0.5-2.5s,True,0.4375,0.25,0.0689048352767643
A06,FBCSP+LDA,7-35Hz,0.5-2.5s,True,0.4131944444444444,0.2175925925925925,0.05256909879392
A06,CSP+SVM,7-35Hz,0.5-3.5s,False,0.4340277777777778,0.2453703703703703,0.097916207563462
A06,FBCSP+LDA,7-35Hz,0.5-3.5s,False,0.3993055555555556,0.199074074074074,0.089869835668144
A06,CSP+SVM,7-35Hz,0.5-3.5s,True,0.4340277777777778,0.2453703703703703,0.0994461146317629
A06,FBCSP+LDA,7-35Hz,0.5-3.5s,True,0.4166666666666667,0.2222222222222222,0.0335583635246541
A06,CSP+SVM,7-35Hz,0.5-4.0s,False,0.4131944444444444,0.2175925925925925,0.0856935715034014
A06,FBCSP+LDA,7-35Hz,0.5-4.0s,False,0.4201388888888889,0.2268518518518518,0.0917090457893063
A06,CSP+SVM,7-35Hz,0.5-4.0s,True,0.4166666666666667,0.2222222222222222,0.0551011256577031
A06,FBCSP+LDA,7-35Hz,0.5-4.0s,True,0.4201388888888889,0.2268518518518518,0.0936078862609907
A06,CSP+SVM,7-35Hz,1.0-4.0s,False,0.3506944444444444,0.1342592592592593,0.0554935939629316
A06,FBCSP+LDA,7-35Hz,1.0-4.0s,False,0.4444444444444444,0.2592592592592593,0.0860417007535687
A06,CSP+SVM,7-35Hz,1.0-4.0s,True,0.3576388888888889,0.1435185185185185,0.0465227741160074
A06,FBCSP+LDA,7-35Hz,1.0-4.0s,True,0.4131944444444444,0.2175925925925925,0.0944028295635114
A06,CSP+SVM,4-40Hz,0.5-2.5s,False,0.4166666666666667,0.2222222222222222,0.068090360024639
A06,FBCSP+LDA,4-40Hz,0.5-2.5s,False,0.4583333333333333,0.2777777777777778,0.0572777970740317
A06,CSP+SVM,4-40Hz,0.5-2.5s,True,0.4548611111111111,0.2731481481481481,0.0602466121214242
A06,FBCSP+LDA,4-40Hz,0.5-2.5s,True,0.40625,0.2083333333333333,0.0474576132061831
A06,CSP+SVM,4-40Hz,0.5-3.5s,False,0.4027777777777778,0.2037037037037037,0.1040347695313761
A06,FBCSP+LDA,4-40Hz,0.5-3.5s,False,0.4583333333333333,0.2777777777777778,0.1163209606445384
A06,CSP+SVM,4-40Hz,0.5-3.5s,True,0.4340277777777778,0.2453703703703703,0.1225240885715018
A06,FBCSP+LDA,4-40Hz,0.5-3.5s,True,0.4375,0.25,0.0997916699322415
A06,CSP+SVM,4-40Hz,0.5-4.0s,False,0.4027777777777778,0.2037037037037037,0.1134764333792434
A06,FBCSP+LDA,4-40Hz,0.5-4.0s,False,0.4895833333333333,0.3194444444444444,0.0701111059604572
A06,CSP+SVM,4-40Hz,0.5-4.0s,True,0.40625,0.2083333333333333,0.0993633870700698
A06,FBCSP+LDA,4-40Hz,0.5-4.0s,True,0.4548611111111111,0.2731481481481481,0.0475502940893777
A06,CSP+SVM,4-40Hz,1.0-4.0s,False,0.3680555555555556,0.1574074074074074,0.0776185060170833
A06,FBCSP+LDA,4-40Hz,1.0-4.0s,False,0.4270833333333333,0.2361111111111111,0.1026104263224195
A06,CSP+SVM,4-40Hz,1.0-4.0s,True,0.3611111111111111,0.1481481481481481,0.0777541817254609
A06,FBCSP+LDA,4-40Hz,1.0-4.0s,True,0.4548611111111111,0.2731481481481481,0.0621484557427581
A07,CSP+SVM,8-30Hz,0.5-2.5s,False,0.7291666666666666,0.6388888888888888,0.0629712632860917
A07,FBCSP+LDA,8-30Hz,0.5-2.5s,False,0.6840277777777778,0.5787037037037037,0.0574296662267165
A07,CSP+SVM,8-30Hz,0.5-2.5s,True,0.7222222222222222,0.6296296296296297,0.0471521735875963
A07,FBCSP+LDA,8-30Hz,0.5-2.5s,True,0.6805555555555556,0.5740740740740741,0.0502174210879645
A07,CSP+SVM,8-30Hz,0.5-3.5s,False,0.7638888888888888,0.6851851851851851,0.0841033731490968
A07,FBCSP+LDA,8-30Hz,0.5-3.5s,False,0.7777777777777778,0.7037037037037037,0.0628782054639112
A07,CSP+SVM,8-30Hz,0.5-3.5s,True,0.7638888888888888,0.6851851851851851,0.0855547017069589
A07,FBCSP+LDA,8-30Hz,0.5-3.5s,True,0.7743055555555556,0.6990740740740741,0.0661378915360047
A07,CSP+SVM,8-30Hz,0.5-4.0s,False,0.75,0.6666666666666667,0.0577295434971932
A07,FBCSP+LDA,8-30Hz,0.5-4.0s,False,0.7951388888888888,0.7268518518518519,0.0293714483418517
A07,CSP+SVM,8-30Hz,0.5-4.0s,True,0.7534722222222222,0.6712962962962963,0.0625503011962864
A07,FBCSP+LDA,8-30Hz,0.5-4.0s,True,0.7881944444444444,0.7175925925925926,0.0315346452239135
A07,CSP+SVM,8-30Hz,1.0-4.0s,False,0.7777777777777778,0.7037037037037037,0.0570877771363702
A07,FBCSP+LDA,8-30Hz,1.0-4.0s,False,0.7743055555555556,0.6990740740740741,0.0300723269360551
A07,CSP+SVM,8-30Hz,1.0-4.0s,True,0.75,0.6666666666666667,0.0472278662793517
A07,FBCSP+LDA,8-30Hz,1.0-4.0s,True,0.78125,0.7083333333333333,0.0398778772180683
A07,CSP+SVM,7-35Hz,0.5-2.5s,False,0.7222222222222222,0.6296296296296297,0.0582104216851993
A07,FBCSP+LDA,7-35Hz,0.5-2.5s,False,0.7291666666666666,0.6388888888888888,0.0438763762249745
A07,CSP+SVM,7-35Hz,0.5-2.5s,True,0.7291666666666666,0.6388888888888888,0.0704696359396878
A07,FBCSP+LDA,7-35Hz,0.5-2.5s,True,0.7118055555555556,0.6157407407407407,0.0507292624929403
A07,CSP+SVM,7-35Hz,0.5-3.5s,False,0.7083333333333334,0.6111111111111112,0.0782461388252562
A07,FBCSP+LDA,7-35Hz,0.5-3.5s,False,0.7708333333333334,0.6944444444444444,0.050376772343837
A07,CSP+SVM,7-35Hz,0.5-3.5s,True,0.6979166666666666,0.5972222222222222,0.0792595460094609
A07,FBCSP+LDA,7-35Hz,0.5-3.5s,True,0.7673611111111112,0.6898148148148149,0.0607279283349293
A07,CSP+SVM,7-35Hz,0.5-4.0s,False,0.7534722222222222,0.6712962962962963,0.0521634689119703
A07,FBCSP+LDA,7-35Hz,0.5-4.0s,False,0.7847222222222222,0.712962962962963,0.0533022884976013
A07,CSP+SVM,7-35Hz,0.5-4.0s,True,0.7326388888888888,0.6435185185185186,0.0396023358215574
A07,FBCSP+LDA,7-35Hz,0.5-4.0s,True,0.7951388888888888,0.7268518518518519,0.0504238988844814
A07,CSP+SVM,7-35Hz,1.0-4.0s,False,0.7534722222222222,0.6712962962962963,0.0754727178713293
A07,FBCSP+LDA,7-35Hz,1.0-4.0s,False,0.7881944444444444,0.7175925925925926,0.0473729406581691
A07,CSP+SVM,7-35Hz,1.0-4.0s,True,0.71875,0.625,0.0549244328884861
A07,FBCSP+LDA,7-35Hz,1.0-4.0s,True,0.7777777777777778,0.7037037037037037,0.0516186398244423
A07,CSP+SVM,4-40Hz,0.5-2.5s,False,0.6666666666666666,0.5555555555555556,0.0504070574768768
A07,FBCSP+LDA,4-40Hz,0.5-2.5s,False,0.6736111111111112,0.5648148148148149,0.0376455708940818
A07,CSP+SVM,4-40Hz,0.5-2.5s,True,0.6597222222222222,0.5462962962962963,0.05632570523781
A07,FBCSP+LDA,4-40Hz,0.5-2.5s,True,0.6840277777777778,0.5787037037037037,0.0366857652150773
A07,CSP+SVM,4-40Hz,0.5-3.5s,False,0.7118055555555556,0.6157407407407407,0.0998211515902384
A07,FBCSP+LDA,4-40Hz,0.5-3.5s,False,0.7604166666666666,0.6805555555555556,0.05304094299408
A07,CSP+SVM,4-40Hz,0.5-3.5s,True,0.71875,0.625,0.1019171132753342
A07,FBCSP+LDA,4-40Hz,0.5-3.5s,True,0.75,0.6666666666666667,0.0581641928051469
A07,CSP+SVM,4-40Hz,0.5-4.0s,False,0.6979166666666666,0.5972222222222222,0.0742891712038717
A07,FBCSP+LDA,4-40Hz,0.5-4.0s,False,0.7222222222222222,0.6296296296296297,0.0665339592613528
A07,CSP+SVM,4-40Hz,0.5-4.0s,True,0.6909722222222222,0.587962962962963,0.0637719808285539
A07,FBCSP+LDA,4-40Hz,0.5-4.0s,True,0.7430555555555556,0.6574074074074074,0.0497958711318713
A07,CSP+SVM,4-40Hz,1.0-4.0s,False,0.6909722222222222,0.587962962962963,0.0565837156192417
A07,FBCSP+LDA,4-40Hz,1.0-4.0s,False,0.7256944444444444,0.6342592592592593,0.0730762450154069
A07,CSP+SVM,4-40Hz,1.0-4.0s,True,0.7083333333333334,0.6111111111111112,0.0546741893416164
A07,FBCSP+LDA,4-40Hz,1.0-4.0s,True,0.7291666666666666,0.6388888888888888,0.0620970845127253
A08,CSP+SVM,8-30Hz,0.5-2.5s,False,0.8229166666666666,0.7638888888888888,0.0404377184990842
A08,FBCSP+LDA,8-30Hz,0.5-2.5s,False,0.71875,0.625,0.0369739375757619
A08,CSP+SVM,8-30Hz,0.5-2.5s,True,0.8125,0.75,0.0481908805093108
A08,FBCSP+LDA,8-30Hz,0.5-2.5s,True,0.7118055555555556,0.6157407407407407,0.0399083347372118
A08,CSP+SVM,8-30Hz,0.5-3.5s,False,0.8368055555555556,0.7824074074074074,0.0353747361524921
A08,FBCSP+LDA,8-30Hz,0.5-3.5s,False,0.7256944444444444,0.6342592592592593,0.0549056391954886
A08,CSP+SVM,8-30Hz,0.5-3.5s,True,0.8506944444444444,0.8009259259259259,0.0335093611578729
A08,FBCSP+LDA,8-30Hz,0.5-3.5s,True,0.7465277777777778,0.662037037037037,0.0158824934272474
A08,CSP+SVM,8-30Hz,0.5-4.0s,False,0.8159722222222222,0.7546296296296297,0.0785435151017971
A08,FBCSP+LDA,8-30Hz,0.5-4.0s,False,0.75,0.6666666666666667,0.0648289252810912
A08,CSP+SVM,8-30Hz,0.5-4.0s,True,0.8194444444444444,0.7592592592592593,0.0754992379820834
A08,FBCSP+LDA,8-30Hz,0.5-4.0s,True,0.75,0.6666666666666667,0.0648289252810912
A08,CSP+SVM,8-30Hz,1.0-4.0s,False,0.78125,0.7083333333333333,0.0484064570025498
A08,FBCSP+LDA,8-30Hz,1.0-4.0s,False,0.7013888888888888,0.6018518518518519,0.0743810408338334
A08,CSP+SVM,8-30Hz,1.0-4.0s,True,0.7847222222222222,0.712962962962963,0.0459751806557497
A08,FBCSP+LDA,8-30Hz,1.0-4.0s,True,0.7083333333333334,0.6111111111111112,0.06787604883899756
A08,CSP+SVM,7-35Hz,0.5-2.5s,False,0.8125,0.75,0.04778637964317581
A08,FBCSP+LDA,7-35Hz,0.5-2.5s,False,0.7083333333333334,0.6111111111111112,0.05223897627812795
A08,CSP+SVM,7-35Hz,0.5-2.5s,True,0.8090277777777778,0.7453703703703703,0.050923892353962184
A08,FBCSP+LDA,7-35Hz,0.5-2.5s,True,0.7083333333333334,0.6111111111111112,0.054191579249439875
A08,CSP+SVM,7-35Hz,0.5-3.5s,False,0.8229166666666666,0.7638888888888888,0.03460565442624908
A08,FBCSP+LDA,7-35Hz,0.5-3.5s,False,0.7361111111111112,0.6481481481481481,0.06080273150936249
A08,CSP+SVM,7-35Hz,0.5-3.5s,True,0.8333333333333334,0.7777777777777778,0.01651620206967931
A08,FBCSP+LDA,7-35Hz,0.5-3.5s,True,0.7638888888888888,0.6851851851851851,0.016868100249674365
A08,CSP+SVM,7-35Hz,0.5-4.0s,False,0.8368055555555556,0.7824074074074074,0.06898239039618025
A08,FBCSP+LDA,7-35Hz,0.5-4.0s,False,0.7361111111111112,0.6481481481481481,0.047075270802102824
A08,CSP+SVM,7-35Hz,0.5-4.0s,True,0.8576388888888888,0.8101851851851851,0.04239319950852384
A08,FBCSP+LDA,7-35Hz,0.5-4.0s,True,0.7465277777777778,0.662037037037037,0.05865798058093745
A08,CSP+SVM,7-35Hz,1.0-4.0s,False,0.7777777777777778,0.7037037037037037,0.04440361921158864
A08,FBCSP+LDA,7-35Hz,1.0-4.0s,False,0.7256944444444444,0.6342592592592593,0.04701225677272697
A08,CSP+SVM,7-35Hz,1.0-4.0s,True,0.7743055555555556,0.6990740740740741,0.055717305355057783
A08,FBCSP+LDA,7-35Hz,1.0-4.0s,True,0.7291666666666666,0.6388888888888888,0.05081799324247501
A08,CSP+SVM,4-40Hz,0.5-2.5s,False,0.7951388888888888,0.7268518518518519,0.051930509577596706
A08,FBCSP+LDA,4-40Hz,0.5-2.5s,False,0.71875,0.625,0.04586128652388119
A08,CSP+SVM,4-40Hz,0.5-2.5s,True,0.7951388888888888,0.7268518518518519,0.053442857645886355
A08,FBCSP+LDA,4-40Hz,0.5-2.5s,True,0.7048611111111112,0.6064814814814814,0.08125966395643994
A08,CSP+SVM,4-40Hz,0.5-3.5s,False,0.8541666666666666,0.8055555555555556,0.04336897233903874
A08,FBCSP+LDA,4-40Hz,0.5-3.5s,False,0.6597222222222222,0.5462962962962963,0.05630932910568957
A08,CSP+SVM,4-40Hz,0.5-3.5s,True,0.8680555555555556,0.8240740740740741,0.04124288084063447
A08,FBCSP+LDA,4-40Hz,0.5-3.5s,True,0.65625,0.5416666666666667,0.03482987220440033
A08,CSP+SVM,4-40Hz,0.5-4.0s,False,0.84375,0.7916666666666666,0.03933900716831224
A08,FBCSP+LDA,4-40Hz,0.5-4.0s,False,0.6458333333333334,0.5277777777777778,0.05923562918046618
A08,CSP+SVM,4-40Hz,0.5-4.0s,True,0.8576388888888888,0.8101851851851851,0.03515055807884749
A08,FBCSP+LDA,4-40Hz,0.5-4.0s,True,0.6701388888888888,0.5601851851851851,0.021307673497552335
A08,CSP+SVM,4-40Hz,1.0-4.0s,False,0.7604166666666666,0.6805555555555556,0.07274571024572422
A08,FBCSP+LDA,4-40Hz,1.0-4.0s,False,0.6423611111111112,0.5231481481481481,0.044447363018551664
A08,CSP+SVM,4-40Hz,1.0-4.0s,True,0.7465277777777778,0.662037037037037,0.05501398113895393
A08,FBCSP+LDA,4-40Hz,1.0-4.0s,True,0.6388888888888888,0.5185185185185186,0.028074999064032304
A09,CSP+SVM,8-30Hz,0.5-2.5s,False,0.7430555555555556,0.6574074074074074,0.06649434306859012
A09,FBCSP+LDA,8-30Hz,0.5-2.5s,False,0.6458333333333334,0.5277777777777778,0.04807683061123104
A09,CSP+SVM,8-30Hz,0.5-2.5s,True,0.75,0.6666666666666667,0.05829655473236142
A09,FBCSP+LDA,8-30Hz,0.5-2.5s,True,0.6423611111111112,0.5231481481481481,0.04574654883248827
A09,CSP+SVM,8-30Hz,0.5-3.5s,False,0.7048611111111112,0.6064814814814814,0.039063037514202655
A09,FBCSP+LDA,8-30Hz,0.5-3.5s,False,0.6215277777777778,0.49537037037037035,0.060186017332324294
A09,CSP+SVM,8-30Hz,0.5-3.5s,True,0.7048611111111112,0.6064814814814814,0.03635687846165848
A09,FBCSP+LDA,8-30Hz,0.5-3.5s,True,0.625,0.5,0.05915080171868156
A09,CSP+SVM,8-30Hz,0.5-4.0s,False,0.6180555555555556,0.4907407407407407,0.043013767734703924
A09,FBCSP+LDA,8-30Hz,0.5-4.0s,False,0.5381944444444444,0.3842592592592593,0.05267967568242137
A09,CSP+SVM,8-30Hz,0.5-4.0s,True,0.6041666666666666,0.4722222222222222,0.07234115633795543
A09,FBCSP+LDA,8-30Hz,0.5-4.0s,True,0.5798611111111112,0.43981481481481477,0.0321094526960541
A09,CSP+SVM,8-30Hz,1.0-4.0s,False,0.5486111111111112,0.39814814814814814,0.053206626914981736
A09,FBCSP+LDA,8-30Hz,1.0-4.0s,False,0.5104166666666666,0.3472222222222222,0.06755680153345839
A09,CSP+SVM,8-30Hz,1.0-4.0s,True,0.5416666666666666,0.38888888888888884,0.05521040975220659
A09,FBCSP+LDA,8-30Hz,1.0-4.0s,True,0.46875,0.29166666666666663,0.059079482260544394
A09,CSP+SVM,7-35Hz,0.5-2.5s,False,0.7569444444444444,0.6759259259259259,0.04385927362836531
A09,FBCSP+LDA,7-35Hz,0.5-2.5s,False,0.6805555555555556,0.5740740740740741,0.048628604233100434
A09,CSP+SVM,7-35Hz,0.5-2.5s,True,0.7604166666666666,0.6805555555555556,0.04452954421709555
A09,FBCSP+LDA,7-35Hz,0.5-2.5s,True,0.6875,0.5833333333333333,0.04689908637220643
A09,CSP+SVM,7-35Hz,0.5-3.5s,False,0.7013888888888888,0.6018518518518519,0.037941501656321354
A09,FBCSP+LDA,7-35Hz,0.5-3.5s,False,0.6215277777777778,0.49537037037037035,0.04088057308399497
A09,CSP+SVM,7-35Hz,0.5-3.5s,True,0.7048611111111112,0.6064814814814814,0.0386834393581439
A09,FBCSP+LDA,7-35Hz,0.5-3.5s,True,0.6180555555555556,0.4907407407407407,0.04904675554903222
A09,CSP+SVM,7-35Hz,0.5-4.0s,False,0.6041666666666666,0.4722222222222222,0.06866540873389622
A09,FBCSP+LDA,7-35Hz,0.5-4.0s,False,0.5590277777777778,0.4120370370370371,0.04550390198751316
A09,CSP+SVM,7-35Hz,0.5-4.0s,True,0.6041666666666666,0.4722222222222222,0.06866540873389622
A09,FBCSP+LDA,7-35Hz,0.5-4.0s,True,0.5659722222222222,0.4212962962962963,0.042094744567888864
A09,CSP+SVM,7-35Hz,1.0-4.0s,False,0.5520833333333334,0.4027777777777778,0.06286633069046241
A09,FBCSP+LDA,7-35Hz,1.0-4.0s,False,0.4791666666666667,0.3055555555555556,0.029132861151048888
A09,CSP+SVM,7-35Hz,1.0-4.0s,True,0.5416666666666666,0.38888888888888884,0.06477216537164242
A09,FBCSP+LDA,7-35Hz,1.0-4.0s,True,0.5243055555555556,0.3657407407407407,0.03918884653152437
A09,CSP+SVM,4-40Hz,0.5-2.5s,False,0.7569444444444444,0.6759259259259259,0.039584311167178296
A09,FBCSP+LDA,4-40Hz,0.5-2.5s,False,0.7152777777777778,0.6203703703703703,0.01820680392593023
A09,CSP+SVM,4-40Hz,0.5-2.5s,True,0.7569444444444444,0.6759259259259259,0.039584311167178296
A09,FBCSP+LDA,4-40Hz,0.5-2.5s,True,0.71875,0.625,0.024729946012602696
A09,CSP+SVM,4-40Hz,0.5-3.5s,False,0.6979166666666666,0.5972222222222222,0.058774537355844696
A09,FBCSP+LDA,4-40Hz,0.5-3.5s,False,0.6145833333333334,0.48611111111111116,0.04866321138125074
A09,CSP+SVM,4-40Hz,0.5-3.5s,True,0.6909722222222222,0.587962962962963,0.04803913472523471
A09,FBCSP+LDA,4-40Hz,0.5-3.5s,True,0.6145833333333334,0.48611111111111116,0.051598571153864736
A09,CSP+SVM,4-40Hz,0.5-4.0s,False,0.5972222222222222,0.4629629629629629,0.06761890974777506
A09,FBCSP+LDA,4-40Hz,0.5-4.0s,False,0.5798611111111112,0.43981481481481477,0.06736084340705621
A09,CSP+SVM,4-40Hz,0.5-4.0s,True,0.6111111111111112,0.4814814814814815,0.05376953665957517
A09,FBCSP+LDA,4-40Hz,0.5-4.0s,True,0.5798611111111112,0.43981481481481477,0.06485449335658319
A09,CSP+SVM,4-40Hz,1.0-4.0s,False,0.4722222222222222,0.2962962962962963,0.05400791319396543
A09,FBCSP+LDA,4-40Hz,1.0-4.0s,False,0.4965277777777778,0.3287037037037037,0.04344173721247207
A09,CSP+SVM,4-40Hz,1.0-4.0s,True,0.5208333333333334,0.36111111111111116,0.053745028004006115
A09,FBCSP+LDA,4-40Hz,1.0-4.0s,True,0.5034722222222222,0.3379629629629629,0.04318902363668335
